classifier,iter,augmentation,AUC,F1-score,Kappa,balanced-accuracy,MCC
GNB,0,Baseline,0.700072,0.781170,0.174317,0.574487,0.277283
GNB,0,ROS,0.702548,0.782719,0.178255,0.576090,0.286748
GNB,0,RUS,0.692220,0.779618,0.170388,0.572885,0.268099
GNB,0,SMOTE,0.704143,0.784264,0.182201,0.577692,0.296514
GNB,0,Borderline-SMOTE,0.697332,0.782719,0.178255,0.576090,0.286748
GNB,0,SVM-SMOTE,0.694992,0.781170,0.174317,0.574487,0.277283
GNB,0,ADASYN,0.703277,0.782719,0.178255,0.576090,0.286748
GNB,0,G-SMOTE,0.678894,0.781170,0.174317,0.574487,0.277283
GNB,0,CiFRUS (train),0.698894,0.783270,0.176524,0.575192,0.290738
GNB,0,CiFRUS (train/test),0.674599,0.780735,0.166892,0.571090,0.274875
GNB,0,CiFRUS (balanced-train/test),0.676827,0.781726,0.172580,0.573590,0.280857
GNB,1,Baseline,0.700128,0.781170,0.174317,0.574487,0.277283
GNB,1,ROS,0.700417,0.781170,0.174317,0.574487,0.277283
GNB,1,RUS,0.693157,0.781170,0.174317,0.574487,0.277283
GNB,1,SMOTE,0.698526,0.782719,0.178255,0.576090,0.286748
GNB,1,Borderline-SMOTE,0.695897,0.782719,0.178255,0.576090,0.286748
GNB,1,SVM-SMOTE,0.690160,0.779618,0.170388,0.572885,0.268099
GNB,1,ADASYN,0.698269,0.782719,0.178255,0.576090,0.286748
GNB,1,G-SMOTE,0.689439,0.779618,0.170388,0.572885,0.268099
GNB,1,CiFRUS (train),0.694054,0.783270,0.176524,0.575192,0.290738
GNB,1,CiFRUS (train/test),0.669872,0.783270,0.176524,0.575192,0.290738
GNB,1,CiFRUS (balanced-train/test),0.680609,0.783270,0.176524,0.575192,0.290738
GNB,2,Baseline,0.706138,0.779618,0.170388,0.572885,0.268099
GNB,2,ROS,0.705657,0.779618,0.170388,0.572885,0.268099
GNB,2,RUS,0.672772,0.779618,0.170388,0.572885,0.268099
GNB,2,SMOTE,0.706747,0.779618,0.170388,0.572885,0.268099
GNB,2,Borderline-SMOTE,0.705032,0.779618,0.170388,0.572885,0.268099
GNB,2,SVM-SMOTE,0.707997,0.779618,0.170388,0.572885,0.268099
GNB,2,ADASYN,0.705000,0.779618,0.170388,0.572885,0.268099
GNB,2,G-SMOTE,0.690288,0.779618,0.170388,0.572885,0.268099
GNB,2,CiFRUS (train),0.701514,0.780178,0.168644,0.571987,0.271287
GNB,2,CiFRUS (train/test),0.675208,0.781726,0.172580,0.573590,0.280857
GNB,2,CiFRUS (balanced-train/test),0.672788,0.780178,0.168644,0.571987,0.271287
GNB,3,Baseline,0.706955,0.781170,0.174317,0.574487,0.277283
GNB,3,ROS,0.702612,0.780612,0.176048,0.575385,0.274097
GNB,3,RUS,0.698894,0.781170,0.174317,0.574487,0.277283
GNB,3,SMOTE,0.709888,0.781170,0.174317,0.574487,0.277283
GNB,3,Borderline-SMOTE,0.707772,0.781170,0.174317,0.574487,0.277283
GNB,3,SVM-SMOTE,0.701971,0.781170,0.174317,0.574487,0.277283
GNB,3,ADASYN,0.697772,0.782166,0.179979,0.576987,0.283190
GNB,3,G-SMOTE,0.691298,0.778061,0.166467,0.571282,0.259180
GNB,3,CiFRUS (train),0.696082,0.783270,0.176524,0.575192,0.290738
GNB,3,CiFRUS (train/test),0.679952,0.781726,0.172580,0.573590,0.280857
GNB,3,CiFRUS (balanced-train/test),0.679151,0.780178,0.168644,0.571987,0.271287
GNB,4,Baseline,0.696298,0.784264,0.182201,0.577692,0.296514
GNB,4,ROS,0.687388,0.782719,0.178255,0.576090,0.286748
GNB,4,RUS,0.675176,0.781170,0.174317,0.574487,0.277283
GNB,4,SMOTE,0.697588,0.782719,0.178255,0.576090,0.286748
GNB,4,Borderline-SMOTE,0.695256,0.782719,0.178255,0.576090,0.286748
GNB,4,SVM-SMOTE,0.688942,0.782719,0.178255,0.576090,0.286748
GNB,4,ADASYN,0.698005,0.782719,0.178255,0.576090,0.286748
GNB,4,G-SMOTE,0.683926,0.781170,0.174317,0.574487,0.277283
GNB,4,CiFRUS (train),0.683686,0.783270,0.176524,0.575192,0.290738
GNB,4,CiFRUS (train/test),0.662708,0.781726,0.172580,0.573590,0.280857
GNB,4,CiFRUS (balanced-train/test),0.656538,0.781726,0.172580,0.573590,0.280857
GNB,5,Baseline,0.699615,0.779618,0.170388,0.572885,0.268099
GNB,5,ROS,0.696338,0.781170,0.174317,0.574487,0.277283
GNB,5,RUS,0.664143,0.780178,0.168644,0.571987,0.271287
GNB,5,SMOTE,0.699327,0.782719,0.178255,0.576090,0.286748
GNB,5,Borderline-SMOTE,0.697035,0.781170,0.174317,0.574487,0.277283
GNB,5,SVM-SMOTE,0.693574,0.779618,0.170388,0.572885,0.268099
GNB,5,ADASYN,0.700256,0.782719,0.178255,0.576090,0.286748
GNB,5,G-SMOTE,0.684792,0.781170,0.174317,0.574487,0.277283
GNB,5,CiFRUS (train),0.691899,0.783270,0.176524,0.575192,0.290738
GNB,5,CiFRUS (train/test),0.669087,0.782278,0.170835,0.572692,0.284877
GNB,5,CiFRUS (balanced-train/test),0.670224,0.782278,0.170835,0.572692,0.284877
GNB,6,Baseline,0.707652,0.781170,0.174317,0.574487,0.277283
GNB,6,ROS,0.712428,0.782719,0.178255,0.576090,0.286748
GNB,6,RUS,0.707796,0.779618,0.170388,0.572885,0.268099
GNB,6,SMOTE,0.709271,0.782719,0.178255,0.576090,0.286748
GNB,6,Borderline-SMOTE,0.705120,0.782166,0.179979,0.576987,0.283190
GNB,6,SVM-SMOTE,0.712396,0.781170,0.174317,0.574487,0.277283
GNB,6,ADASYN,0.710601,0.782719,0.178255,0.576090,0.286748
GNB,6,G-SMOTE,0.697332,0.781170,0.174317,0.574487,0.277283
GNB,6,CiFRUS (train),0.706370,0.783270,0.176524,0.575192,0.290738
GNB,6,CiFRUS (train/test),0.676795,0.781726,0.172580,0.573590,0.280857
GNB,6,CiFRUS (balanced-train/test),0.671747,0.781726,0.172580,0.573590,0.280857
GNB,7,Baseline,0.705865,0.782719,0.178255,0.576090,0.286748
GNB,7,ROS,0.705216,0.782719,0.178255,0.576090,0.286748
GNB,7,RUS,0.667276,0.782719,0.178255,0.576090,0.286748
GNB,7,SMOTE,0.711074,0.782719,0.178255,0.576090,0.286748
GNB,7,Borderline-SMOTE,0.706643,0.781170,0.174317,0.574487,0.277283
GNB,7,SVM-SMOTE,0.708558,0.784264,0.182201,0.577692,0.296514
GNB,7,ADASYN,0.708982,0.781170,0.174317,0.574487,0.277283
GNB,7,G-SMOTE,0.696603,0.782166,0.179979,0.576987,0.283190
GNB,7,CiFRUS (train),0.702059,0.783270,0.176524,0.575192,0.290738
GNB,7,CiFRUS (train/test),0.670978,0.782278,0.170835,0.572692,0.284877
GNB,7,CiFRUS (balanced-train/test),0.674375,0.780735,0.166892,0.571090,0.274875
GNB,8,Baseline,0.719159,0.781170,0.174317,0.574487,0.277283
GNB,8,ROS,0.715200,0.781170,0.174317,0.574487,0.277283
GNB,8,RUS,0.671378,0.781170,0.174317,0.574487,0.277283
GNB,8,SMOTE,0.722845,0.781170,0.174317,0.574487,0.277283
GNB,8,Borderline-SMOTE,0.720008,0.782719,0.178255,0.576090,0.286748
GNB,8,SVM-SMOTE,0.716595,0.779618,0.170388,0.572885,0.268099
GNB,8,ADASYN,0.724111,0.782719,0.178255,0.576090,0.286748
GNB,8,G-SMOTE,0.701122,0.781170,0.174317,0.574487,0.277283
GNB,8,CiFRUS (train),0.713021,0.783270,0.176524,0.575192,0.290738
GNB,8,CiFRUS (train/test),0.689487,0.782278,0.170835,0.572692,0.284877
GNB,8,CiFRUS (balanced-train/test),0.686939,0.780735,0.166892,0.571090,0.274875
GNB,9,Baseline,0.701843,0.781170,0.174317,0.574487,0.277283
GNB,9,ROS,0.706819,0.781170,0.174317,0.574487,0.277283
GNB,9,RUS,0.681538,0.781170,0.174317,0.574487,0.277283
GNB,9,SMOTE,0.708013,0.782719,0.178255,0.576090,0.286748
GNB,9,Borderline-SMOTE,0.702580,0.782719,0.178255,0.576090,0.286748
GNB,9,SVM-SMOTE,0.704671,0.781170,0.174317,0.574487,0.277283
GNB,9,ADASYN,0.700313,0.782719,0.178255,0.576090,0.286748
GNB,9,G-SMOTE,0.696266,0.781170,0.174317,0.574487,0.277283
GNB,9,CiFRUS (train),0.695272,0.783270,0.176524,0.575192,0.290738
GNB,9,CiFRUS (train/test),0.665016,0.783270,0.176524,0.575192,0.290738
GNB,9,CiFRUS (balanced-train/test),0.666811,0.783270,0.176524,0.575192,0.290738
KNN,0,Baseline,0.734407,0.745455,0.287758,0.639231,0.291170
KNN,0,ROS,0.725032,0.691275,0.263632,0.635128,0.265303
KNN,0,RUS,0.711987,0.694772,0.277535,0.642628,0.279685
KNN,0,SMOTE,0.731763,0.686308,0.287489,0.649808,0.292540
KNN,0,Borderline-SMOTE,0.727788,0.645985,0.254921,0.636154,0.266527
KNN,0,SVM-SMOTE,0.734720,0.695502,0.306575,0.659615,0.311737
KNN,0,ADASYN,0.729327,0.663043,0.283237,0.650769,0.294812
KNN,0,G-SMOTE,0.742171,0.746082,0.326928,0.661410,0.327483
KNN,0,CiFRUS (train),0.738157,0.769470,0.382851,0.688333,0.383934
KNN,0,CiFRUS (train/test),0.762845,0.777778,0.396226,0.693846,0.398248
KNN,0,CiFRUS (balanced-train/test),0.757107,0.748366,0.374937,0.689487,0.375382
KNN,1,Baseline,0.749591,0.772519,0.371225,0.680449,0.374443
KNN,1,ROS,0.756010,0.744966,0.391696,0.700769,0.394178
KNN,1,RUS,0.723638,0.707276,0.310671,0.659936,0.313392
KNN,1,SMOTE,0.750970,0.717770,0.363926,0.690128,0.371149
KNN,1,Borderline-SMOTE,0.752107,0.715302,0.378188,0.699615,0.389669
KNN,1,SVM-SMOTE,0.745713,0.736661,0.395630,0.705449,0.401464
KNN,1,ADASYN,0.749054,0.693431,0.354777,0.689487,0.370930
KNN,1,G-SMOTE,0.752460,0.772370,0.398106,0.696731,0.398687
KNN,1,CiFRUS (train),0.742965,0.763693,0.372060,0.683526,0.372786
KNN,1,CiFRUS (train/test),0.785513,0.785162,0.417725,0.704551,0.419677
KNN,1,CiFRUS (balanced-train/test),0.784407,0.762063,0.425198,0.716987,0.427027
KNN,2,Baseline,0.716322,0.748115,0.290023,0.639936,0.294093
KNN,2,ROS,0.708950,0.684385,0.235605,0.620128,0.236533
KNN,2,RUS,0.694591,0.687813,0.249655,0.627628,0.250921
KNN,2,SMOTE,0.705040,0.664360,0.235656,0.622692,0.239625
KNN,2,Borderline-SMOTE,0.703085,0.647687,0.230508,0.621667,0.237505
KNN,2,SVM-SMOTE,0.711178,0.683673,0.260805,0.634615,0.263516
KNN,2,ADASYN,0.723926,0.671454,0.291813,0.654679,0.302146
KNN,2,G-SMOTE,0.713365,0.732394,0.288889,0.642500,0.289453
KNN,2,CiFRUS (train),0.736595,0.775194,0.393702,0.693141,0.395228
KNN,2,CiFRUS (train/test),0.751450,0.749611,0.328029,0.661218,0.329066
KNN,2,CiFRUS (balanced-train/test),0.747356,0.727575,0.340206,0.673462,0.341547
KNN,3,Baseline,0.740008,0.759455,0.325288,0.657244,0.329374
KNN,3,ROS,0.734720,0.724590,0.319321,0.661667,0.319836
KNN,3,RUS,0.713221,0.703704,0.296879,0.652436,0.299034
KNN,3,SMOTE,0.726731,0.694017,0.290474,0.650321,0.294009
KNN,3,Borderline-SMOTE,0.733998,0.680851,0.299270,0.657692,0.307784
KNN,3,SVM-SMOTE,0.723005,0.690476,0.276701,0.642821,0.279578
KNN,3,ADASYN,0.733966,0.680927,0.304939,0.661090,0.314494
KNN,3,G-SMOTE,0.741891,0.753894,0.341152,0.667821,0.342117
KNN,3,CiFRUS (train),0.707556,0.746177,0.300132,0.646026,0.302562
KNN,3,CiFRUS (train/test),0.744463,0.746082,0.326928,0.661410,0.327483
KNN,3,CiFRUS (balanced-train/test),0.746923,0.732673,0.345950,0.675769,0.346867
KNN,4,Baseline,0.721571,0.749245,0.294930,0.642436,0.298848
KNN,4,ROS,0.710505,0.704132,0.277953,0.641346,0.278773
KNN,4,RUS,0.703421,0.691652,0.281300,0.645321,0.284386
KNN,4,SMOTE,0.710601,0.685026,0.277126,0.643910,0.281213
KNN,4,Borderline-SMOTE,0.715489,0.653710,0.235681,0.623974,0.241951
KNN,4,SVM-SMOTE,0.710641,0.678992,0.236286,0.621218,0.237891
KNN,4,ADASYN,0.716923,0.657040,0.266586,0.641667,0.276886
KNN,4,G-SMOTE,0.717171,0.728414,0.281878,0.639295,0.282290
KNN,4,CiFRUS (train),0.713478,0.761468,0.342292,0.666538,0.345064
KNN,4,CiFRUS (train/test),0.755096,0.751159,0.325566,0.659423,0.327088
KNN,4,CiFRUS (balanced-train/test),0.751546,0.739903,0.342438,0.671987,0.342509
KNN,5,Baseline,0.734559,0.760902,0.322774,0.655449,0.327811
KNN,5,ROS,0.725793,0.704698,0.295648,0.651538,0.297522
KNN,5,RUS,0.701851,0.682432,0.250249,0.628718,0.252312
KNN,5,SMOTE,0.727756,0.684119,0.289935,0.651603,0.295918
KNN,5,Borderline-SMOTE,0.737179,0.700704,0.335938,0.676410,0.344276
KNN,5,SVM-SMOTE,0.731659,0.709677,0.319826,0.664936,0.322971
KNN,5,ADASYN,0.739864,0.697509,0.339325,0.679103,0.349626
KNN,5,G-SMOTE,0.732196,0.750779,0.332812,0.663718,0.333754
KNN,5,CiFRUS (train),0.731266,0.765163,0.369767,0.681731,0.370935
KNN,5,CiFRUS (train/test),0.755881,0.758190,0.354251,0.674423,0.355143
KNN,5,CiFRUS (balanced-train/test),0.752380,0.725458,0.336767,0.671859,0.338215
KNN,6,Baseline,0.723365,0.752624,0.295906,0.642244,0.301017
KNN,6,ROS,0.705441,0.685619,0.246304,0.626026,0.247653
KNN,6,RUS,0.703670,0.693467,0.266992,0.636731,0.268567
KNN,6,SMOTE,0.714455,0.687075,0.268753,0.638718,0.271547
KNN,6,Borderline-SMOTE,0.724375,0.676157,0.292689,0.654487,0.301574
KNN,6,SVM-SMOTE,0.725585,0.696398,0.299617,0.655321,0.303639
KNN,6,ADASYN,0.712901,0.661922,0.261598,0.638077,0.269540
KNN,6,G-SMOTE,0.722941,0.734568,0.278826,0.636410,0.280249
KNN,6,CiFRUS (train),0.718518,0.760305,0.337465,0.664038,0.340391
KNN,6,CiFRUS (train/test),0.748606,0.757669,0.335087,0.663333,0.337438
KNN,6,CiFRUS (balanced-train/test),0.735264,0.732258,0.321410,0.661282,0.321453
KNN,7,Baseline,0.743037,0.765060,0.336170,0.662051,0.341148
KNN,7,ROS,0.722340,0.689420,0.277957,0.643718,0.281170
KNN,7,RUS,0.737564,0.714765,0.319660,0.663846,0.321686
KNN,7,SMOTE,0.728494,0.704467,0.319990,0.666026,0.324495
KNN,7,Borderline-SMOTE,0.728157,0.672662,0.296278,0.657179,0.307083
KNN,7,SVM-SMOTE,0.726546,0.699491,0.295960,0.652628,0.298871
KNN,7,ADASYN,0.734960,0.661818,0.284443,0.651667,0.296721
KNN,7,G-SMOTE,0.733758,0.743671,0.330579,0.664103,0.330759
KNN,7,CiFRUS (train),0.742228,0.771160,0.393404,0.694231,0.394072
KNN,7,CiFRUS (train/test),0.771635,0.782071,0.409347,0.700449,0.411260
KNN,7,CiFRUS (balanced-train/test),0.764615,0.752443,0.381957,0.692692,0.382273
KNN,8,Baseline,0.736787,0.766917,0.339811,0.663654,0.345114
KNN,8,ROS,0.725529,0.709784,0.295332,0.650449,0.296393
KNN,8,RUS,0.720385,0.700337,0.288889,0.648333,0.290986
KNN,8,SMOTE,0.735801,0.696398,0.299617,0.655321,0.303639
KNN,8,Borderline-SMOTE,0.735112,0.683453,0.319478,0.669487,0.331129
KNN,8,SVM-SMOTE,0.742332,0.705479,0.318812,0.665128,0.322889
KNN,8,ADASYN,0.730521,0.677477,0.308463,0.663782,0.320044
KNN,8,G-SMOTE,0.728574,0.755008,0.332721,0.662628,0.334568
KNN,8,CiFRUS (train),0.742676,0.779503,0.406789,0.699744,0.408216
KNN,8,CiFRUS (train/test),0.771234,0.756250,0.350676,0.672821,0.351457
KNN,8,CiFRUS (balanced-train/test),0.774856,0.750000,0.385238,0.695385,0.386047
KNN,9,Baseline,0.723053,0.745098,0.281520,0.635833,0.285471
KNN,9,ROS,0.717845,0.726678,0.322773,0.663269,0.323222
KNN,9,RUS,0.720361,0.699324,0.290130,0.649231,0.292521
KNN,9,SMOTE,0.717075,0.673684,0.272194,0.642692,0.278481
KNN,9,Borderline-SMOTE,0.712572,0.670251,0.287340,0.652179,0.297215
KNN,9,SVM-SMOTE,0.715232,0.691781,0.287129,0.648718,0.290801
KNN,9,ADASYN,0.712740,0.658135,0.282408,0.650962,0.295607
KNN,9,G-SMOTE,0.712476,0.726135,0.272255,0.634295,0.272786
KNN,9,CiFRUS (train),0.708558,0.748447,0.323238,0.658718,0.324372
KNN,9,CiFRUS (train/test),0.751154,0.775000,0.400624,0.697436,0.401516
KNN,9,CiFRUS (balanced-train/test),0.756699,0.765189,0.421126,0.713397,0.421904
LR,0,Baseline,0.683253,0.766141,0.284401,0.632885,0.300237
LR,0,ROS,0.675256,0.696921,0.237610,0.619551,0.237707
LR,0,RUS,0.684920,0.691680,0.232195,0.617244,0.232427
LR,0,SMOTE,0.671442,0.680000,0.228916,0.616923,0.229986
LR,0,Borderline-SMOTE,0.669279,0.644828,0.186976,0.597179,0.189860
LR,0,SVM-SMOTE,0.668846,0.696921,0.237610,0.619551,0.237707
LR,0,ADASYN,0.681234,0.670085,0.234981,0.621603,0.237840
LR,0,G-SMOTE,0.673926,0.684298,0.229547,0.616731,0.230225
LR,0,CiFRUS (train),0.682003,0.760602,0.205786,0.593013,0.235406
LR,0,CiFRUS (train/test),0.695304,0.756681,0.230149,0.606090,0.249615
LR,0,CiFRUS (balanced-train/test),0.696474,0.680342,0.258764,0.633910,0.261912
LR,1,Baseline,0.692628,0.766810,0.283024,0.631987,0.299808
LR,1,ROS,0.694904,0.702614,0.261289,0.632051,0.261599
LR,1,RUS,0.680978,0.689884,0.247011,0.625833,0.247899
LR,1,SMOTE,0.689103,0.695793,0.232849,0.617051,0.232919
LR,1,Borderline-SMOTE,0.689087,0.677852,0.231616,0.618718,0.233084
LR,1,SVM-SMOTE,0.685673,0.687500,0.231547,0.617436,0.232033
LR,1,ADASYN,0.685833,0.667797,0.219706,0.613205,0.221747
LR,1,G-SMOTE,0.687901,0.683333,0.236948,0.621026,0.238056
LR,1,CiFRUS (train),0.687885,0.770718,0.251831,0.614615,0.282109
LR,1,CiFRUS (train/test),0.707244,0.772920,0.284941,0.631603,0.307711
LR,1,CiFRUS (balanced-train/test),0.704471,0.687919,0.255628,0.631026,0.257248
LR,2,Baseline,0.671298,0.769886,0.283978,0.631795,0.303590
LR,2,ROS,0.668157,0.691318,0.213719,0.607051,0.213726
LR,2,RUS,0.667452,0.674380,0.205345,0.604423,0.205951
LR,2,SMOTE,0.662484,0.669983,0.198691,0.601218,0.199406
LR,2,Borderline-SMOTE,0.673045,0.671164,0.221654,0.613910,0.223371
LR,2,SVM-SMOTE,0.671234,0.690323,0.215125,0.607949,0.215154
LR,2,ADASYN,0.672997,0.653130,0.183165,0.594295,0.184770
LR,2,G-SMOTE,0.659904,0.682848,0.200204,0.600641,0.200264
LR,2,CiFRUS (train),0.673301,0.768176,0.234536,0.606218,0.266619
LR,2,CiFRUS (train/test),0.684968,0.759494,0.239049,0.610192,0.259267
LR,2,CiFRUS (balanced-train/test),0.685256,0.689884,0.247011,0.625833,0.247899
LR,3,Baseline,0.681971,0.766141,0.284401,0.632885,0.300237
LR,3,ROS,0.677740,0.684976,0.203574,0.602244,0.203616
LR,3,RUS,0.682788,0.698361,0.254495,0.628846,0.254905
LR,3,SMOTE,0.677452,0.693944,0.241668,0.622244,0.242004
LR,3,Borderline-SMOTE,0.678045,0.663265,0.213115,0.610000,0.215330
LR,3,SVM-SMOTE,0.675337,0.693679,0.229456,0.615449,0.229549
LR,3,ADASYN,0.673173,0.664430,0.199600,0.602308,0.200865
LR,3,G-SMOTE,0.684343,0.696921,0.237610,0.619551,0.237707
LR,3,CiFRUS (train),0.680353,0.762943,0.207966,0.593718,0.240252
LR,3,CiFRUS (train/test),0.694663,0.761905,0.241283,0.610897,0.263472
LR,3,CiFRUS (balanced-train/test),0.694952,0.683587,0.254887,0.631218,0.257120
LR,4,Baseline,0.675032,0.769010,0.293182,0.636987,0.309507
LR,4,ROS,0.664343,0.692308,0.212308,0.606154,0.212308
LR,4,RUS,0.669263,0.665552,0.198196,0.601410,0.199281
LR,4,SMOTE,0.673638,0.681892,0.207820,0.604936,0.208028
LR,4,Borderline-SMOTE,0.674455,0.671256,0.245525,0.627500,0.249146
LR,4,SVM-SMOTE,0.669647,0.681818,0.201629,0.601538,0.201736
LR,4,ADASYN,0.674439,0.644599,0.199018,0.603974,0.202968
LR,4,G-SMOTE,0.673141,0.685246,0.222082,0.612436,0.222440
LR,4,CiFRUS (train),0.673093,0.766074,0.223940,0.601218,0.256172
LR,4,CiFRUS (train/test),0.678878,0.755304,0.233135,0.607885,0.250721
LR,4,CiFRUS (balanced-train/test),0.679776,0.675585,0.222250,0.613718,0.223467
LR,5,Baseline,0.675545,0.767004,0.297231,0.639679,0.310820
LR,5,ROS,0.672516,0.682927,0.206410,0.604038,0.206548
LR,5,RUS,0.681330,0.681063,0.227558,0.616026,0.228455
LR,5,SMOTE,0.669503,0.678748,0.212022,0.607628,0.212524
LR,5,Borderline-SMOTE,0.672740,0.664407,0.211744,0.609103,0.213711
LR,5,SVM-SMOTE,0.674567,0.688742,0.242317,0.623333,0.243108
LR,5,ADASYN,0.675737,0.667797,0.219706,0.613205,0.221747
LR,5,G-SMOTE,0.672099,0.681967,0.213978,0.608333,0.214323
LR,5,CiFRUS (train),0.674792,0.766484,0.230769,0.604615,0.261538
LR,5,CiFRUS (train/test),0.683750,0.758133,0.242000,0.611987,0.260255
LR,5,CiFRUS (balanced-train/test),0.689984,0.682432,0.250249,0.628718,0.252312
LR,6,Baseline,0.686410,0.751429,0.233902,0.608974,0.248210
LR,6,ROS,0.685897,0.697600,0.223919,0.611859,0.223921
LR,6,RUS,0.675689,0.693069,0.249054,0.626538,0.249714
LR,6,SMOTE,0.685913,0.698873,0.234880,0.617756,0.234898
LR,6,Borderline-SMOTE,0.673830,0.671119,0.209530,0.607115,0.210592
LR,6,SVM-SMOTE,0.681554,0.700965,0.238290,0.619359,0.238298
LR,6,ADASYN,0.679327,0.671141,0.215608,0.610513,0.216974
LR,6,G-SMOTE,0.683333,0.700000,0.239653,0.620256,0.239685
LR,6,CiFRUS (train),0.683798,0.769863,0.238311,0.607821,0.271751
LR,6,CiFRUS (train/test),0.688462,0.758133,0.242000,0.611987,0.260255
LR,6,CiFRUS (balanced-train/test),0.693686,0.693467,0.266992,0.636731,0.268567
LR,7,Baseline,0.689904,0.766810,0.283024,0.631987,0.299808
LR,7,ROS,0.688638,0.707937,0.241042,0.619872,0.241115
LR,7,RUS,0.685497,0.688633,0.236267,0.619936,0.236827
LR,7,SMOTE,0.691651,0.699187,0.247107,0.624551,0.247273
LR,7,Borderline-SMOTE,0.680946,0.676717,0.226937,0.616218,0.228276
LR,7,SVM-SMOTE,0.683974,0.701754,0.230749,0.615064,0.230767
LR,7,ADASYN,0.690689,0.695507,0.264414,0.634936,0.265551
LR,7,G-SMOTE,0.695545,0.716370,0.286533,0.644167,0.286650
LR,7,CiFRUS (train),0.688413,0.763736,0.221719,0.600513,0.251282
LR,7,CiFRUS (train/test),0.697837,0.771388,0.273234,0.625705,0.297674
LR,7,CiFRUS (balanced-train/test),0.702196,0.706468,0.287278,0.646346,0.288311
LR,8,Baseline,0.687580,0.770774,0.296896,0.638590,0.313960
LR,8,ROS,0.688061,0.685065,0.209776,0.605641,0.209887
LR,8,RUS,0.683686,0.671119,0.209530,0.607115,0.210592
LR,8,SMOTE,0.685737,0.684474,0.241630,0.623526,0.242855
LR,8,Borderline-SMOTE,0.687564,0.654174,0.193945,0.600192,0.196072
LR,8,SVM-SMOTE,0.681042,0.692683,0.230828,0.616346,0.230983
LR,8,ADASYN,0.691122,0.664407,0.211744,0.609103,0.213711
LR,8,G-SMOTE,0.679856,0.687603,0.237615,0.620833,0.238316
LR,8,CiFRUS (train),0.690657,0.775791,0.263173,0.619423,0.297372
LR,8,CiFRUS (train/test),0.695112,0.766620,0.268597,0.624295,0.288858
LR,8,CiFRUS (balanced-train/test),0.695529,0.671164,0.221654,0.613910,0.223371
LR,9,Baseline,0.676554,0.759602,0.253760,0.617885,0.270769
LR,9,ROS,0.674679,0.708333,0.253333,0.626667,0.253333
LR,9,RUS,0.679119,0.689769,0.240979,0.622436,0.241618
LR,9,SMOTE,0.672917,0.690789,0.239636,0.621538,0.240139
LR,9,Borderline-SMOTE,0.673606,0.670034,0.216979,0.611410,0.218554
LR,9,SVM-SMOTE,0.676811,0.700965,0.238290,0.619359,0.238298
LR,9,ADASYN,0.668397,0.671141,0.215608,0.610513,0.216974
LR,9,G-SMOTE,0.668926,0.700000,0.239653,0.620256,0.239685
LR,9,CiFRUS (train),0.679407,0.769231,0.239819,0.608718,0.271795
LR,9,CiFRUS (train/test),0.682548,0.766620,0.268597,0.624295,0.288858
LR,9,CiFRUS (balanced-train/test),0.682051,0.694215,0.253750,0.629038,0.254499
MLP,0,Baseline,0.734119,0.751975,0.350653,0.673910,0.350896
MLP,0,ROS,0.743413,0.764613,0.383740,0.690321,0.384007
MLP,0,RUS,0.730777,0.702341,0.286394,0.646538,0.287963
MLP,0,SMOTE,0.743357,0.751174,0.338791,0.667115,0.339452
MLP,0,Borderline-SMOTE,0.729848,0.736842,0.321250,0.660192,0.321274
MLP,0,SVM-SMOTE,0.745489,0.748815,0.342381,0.669808,0.342618
MLP,0,ADASYN,0.735208,0.744038,0.336510,0.667500,0.336581
MLP,0,G-SMOTE,0.749736,0.735632,0.348261,0.676474,0.348904
MLP,0,CiFRUS (train),0.758165,0.759171,0.378840,0.688910,0.378869
MLP,0,CiFRUS (train/test),0.757588,0.777605,0.403156,0.698141,0.404430
MLP,0,CiFRUS (balanced-train/test),0.755192,0.761453,0.375469,0.686218,0.375729
MLP,1,Baseline,0.741811,0.747218,0.344752,0.671603,0.344825
MLP,1,ROS,0.755048,0.763116,0.385963,0.692115,0.386045
MLP,1,RUS,0.721082,0.693878,0.284650,0.646923,0.287609
MLP,1,SMOTE,0.733782,0.743390,0.311334,0.653013,0.312318
MLP,1,Borderline-SMOTE,0.725625,0.720635,0.274040,0.636282,0.274124
MLP,1,SVM-SMOTE,0.731883,0.751572,0.344738,0.670513,0.345166
MLP,1,ADASYN,0.736018,0.755134,0.358925,0.678013,0.359174
MLP,1,G-SMOTE,0.726907,0.751592,0.357694,0.678205,0.357743
MLP,1,CiFRUS (train),0.755721,0.767081,0.373368,0.683333,0.374678
MLP,1,CiFRUS (train/test),0.748213,0.758294,0.367197,0.682115,0.367451
MLP,1,CiFRUS (balanced-train/test),0.744391,0.757528,0.368340,0.683013,0.368493
MLP,2,Baseline,0.741130,0.734824,0.317750,0.658590,0.317761
MLP,2,ROS,0.734479,0.740032,0.329477,0.664295,0.329502
MLP,2,RUS,0.735817,0.722034,0.347101,0.678846,0.350325
MLP,2,SMOTE,0.722412,0.733974,0.318974,0.659487,0.318974
MLP,2,Borderline-SMOTE,0.719487,0.732258,0.321410,0.661282,0.321453
MLP,2,SVM-SMOTE,0.752196,0.743222,0.337704,0.668397,0.337730
MLP,2,ADASYN,0.720505,0.740157,0.316328,0.656603,0.316657
MLP,2,G-SMOTE,0.746963,0.743506,0.356415,0.679487,0.356605
MLP,2,CiFRUS (train),0.745881,0.733766,0.331976,0.667179,0.332152
MLP,2,CiFRUS (train/test),0.730288,0.719355,0.288707,0.644872,0.288746
MLP,2,CiFRUS (balanced-train/test),0.724631,0.723200,0.289619,0.644679,0.289621
MLP,3,Baseline,0.734663,0.744113,0.323388,0.659808,0.323860
MLP,3,ROS,0.733405,0.747253,0.331690,0.663910,0.332174
MLP,3,RUS,0.726418,0.707483,0.316443,0.663333,0.319732
MLP,3,SMOTE,0.717107,0.735849,0.303266,0.650000,0.303642
MLP,3,Borderline-SMOTE,0.747436,0.742400,0.338894,0.669295,0.338897
MLP,3,SVM-SMOTE,0.732668,0.743671,0.330579,0.664103,0.330759
MLP,3,ADASYN,0.721450,0.736842,0.321250,0.660192,0.321274
MLP,3,G-SMOTE,0.716915,0.729032,0.313235,0.657179,0.313276
MLP,3,CiFRUS (train),0.773870,0.779503,0.406789,0.699744,0.408216
MLP,3,CiFRUS (train/test),0.744639,0.748428,0.336444,0.666410,0.336861
MLP,3,CiFRUS (balanced-train/test),0.744327,0.755556,0.364785,0.681410,0.364897
MLP,4,Baseline,0.704319,0.709984,0.244485,0.621474,0.244587
MLP,4,ROS,0.711907,0.727848,0.289256,0.643590,0.289414
MLP,4,RUS,0.714960,0.691781,0.287129,0.648718,0.290801
MLP,4,SMOTE,0.720457,0.736508,0.315287,0.656795,0.315384
MLP,4,Borderline-SMOTE,0.709696,0.732800,0.314256,0.656987,0.314259
MLP,4,SVM-SMOTE,0.732788,0.730463,0.304795,0.651987,0.304818
MLP,4,ADASYN,0.696322,0.722135,0.265274,0.631090,0.265661
MLP,4,G-SMOTE,0.736795,0.751204,0.364673,0.682500,0.364676
MLP,4,CiFRUS (train),0.734896,0.741784,0.313840,0.654808,0.314453
MLP,4,CiFRUS (train/test),0.721338,0.742236,0.306527,0.650513,0.307603
MLP,4,CiFRUS (balanced-train/test),0.727804,0.748428,0.336444,0.666410,0.336861
MLP,5,Baseline,0.731026,0.744186,0.310074,0.652115,0.311277
MLP,5,ROS,0.745369,0.749611,0.328029,0.661218,0.329066
MLP,5,RUS,0.730240,0.716469,0.335736,0.673141,0.339038
MLP,5,SMOTE,0.741314,0.759375,0.359001,0.676923,0.359800
MLP,5,Borderline-SMOTE,0.725048,0.744113,0.323388,0.659808,0.323860
MLP,5,SVM-SMOTE,0.723814,0.717703,0.271886,0.635577,0.271907
MLP,5,ADASYN,0.714952,0.759055,0.366049,0.681218,0.366430
MLP,5,G-SMOTE,0.732788,0.746032,0.340036,0.669103,0.340140
MLP,5,CiFRUS (train),0.757083,0.751950,0.337586,0.666218,0.338436
MLP,5,CiFRUS (train/test),0.736795,0.737342,0.314050,0.655897,0.314221
MLP,5,CiFRUS (balanced-train/test),0.730385,0.757862,0.361327,0.678718,0.361775
MLP,6,Baseline,0.728846,0.761146,0.382398,0.690513,0.382450
MLP,6,ROS,0.729423,0.745600,0.347106,0.673397,0.347109
MLP,6,RUS,0.734968,0.705085,0.307290,0.658333,0.310145
MLP,6,SMOTE,0.709167,0.733333,0.307038,0.652692,0.307132
MLP,6,Borderline-SMOTE,0.724615,0.739200,0.330681,0.665192,0.330684
MLP,6,SVM-SMOTE,0.722324,0.739200,0.330681,0.665192,0.330684
MLP,6,ADASYN,0.717804,0.730210,0.317932,0.659679,0.317999
MLP,6,G-SMOTE,0.715329,0.718954,0.301877,0.652564,0.302236
MLP,6,CiFRUS (train),0.757436,0.756589,0.343525,0.668526,0.344857
MLP,6,CiFRUS (train/test),0.744279,0.756173,0.337526,0.665128,0.339248
MLP,6,CiFRUS (balanced-train/test),0.739038,0.773292,0.390078,0.691538,0.391447
MLP,7,Baseline,0.744984,0.739060,0.343611,0.672885,0.343751
MLP,7,ROS,0.745481,0.734426,0.343631,0.673974,0.344185
MLP,7,RUS,0.727724,0.696707,0.311108,0.662115,0.316574
MLP,7,SMOTE,0.729976,0.736000,0.322469,0.661090,0.322472
MLP,7,Borderline-SMOTE,0.743173,0.735818,0.335457,0.668782,0.335593
MLP,7,SVM-SMOTE,0.730457,0.733441,0.326101,0.663782,0.326169
MLP,7,ADASYN,0.737732,0.735484,0.329586,0.665385,0.329630
MLP,7,G-SMOTE,0.743758,0.730579,0.342493,0.674167,0.343504
MLP,7,CiFRUS (train),0.743133,0.765891,0.368614,0.680833,0.370043
MLP,7,CiFRUS (train/test),0.736490,0.753125,0.342352,0.668718,0.343113
MLP,7,CiFRUS (balanced-train/test),0.726546,0.714754,0.295011,0.649359,0.295487
MLP,8,Baseline,0.737131,0.747218,0.344752,0.671603,0.344825
MLP,8,ROS,0.734287,0.736334,0.328385,0.664487,0.328396
MLP,8,RUS,0.721683,0.699828,0.307531,0.659423,0.311659
MLP,8,SMOTE,0.743790,0.739683,0.323537,0.660897,0.323636
MLP,8,Borderline-SMOTE,0.721955,0.726400,0.297831,0.648782,0.297834
MLP,8,SVM-SMOTE,0.740649,0.749206,0.348286,0.673205,0.348392
MLP,8,ADASYN,0.721250,0.749206,0.348286,0.673205,0.348392
MLP,8,G-SMOTE,0.743165,0.748019,0.343569,0.670705,0.343712
MLP,8,CiFRUS (train),0.764936,0.765079,0.389533,0.693718,0.389653
MLP,8,CiFRUS (train/test),0.749623,0.758190,0.354251,0.674423,0.355143
MLP,8,CiFRUS (balanced-train/test),0.733133,0.758621,0.360166,0.677821,0.360777
MLP,9,Baseline,0.740913,0.747604,0.350629,0.675000,0.350641
MLP,9,ROS,0.746891,0.747634,0.337646,0.667308,0.337935
MLP,9,RUS,0.733173,0.716418,0.311438,0.658654,0.312558
MLP,9,SMOTE,0.741442,0.758730,0.373034,0.685513,0.373149
MLP,9,Borderline-SMOTE,0.745473,0.755486,0.351857,0.673718,0.352453
MLP,9,SVM-SMOTE,0.747652,0.753577,0.361236,0.679808,0.361313
MLP,9,ADASYN,0.722556,0.728414,0.281878,0.639295,0.282290
MLP,9,G-SMOTE,0.741162,0.731148,0.335528,0.669872,0.336069
MLP,9,CiFRUS (train),0.746498,0.733119,0.320195,0.660385,0.320205
MLP,9,CiFRUS (train/test),0.744327,0.740032,0.329477,0.664295,0.329502
MLP,9,CiFRUS (balanced-train/test),0.746699,0.752412,0.369337,0.685000,0.369349
DT,0,Baseline,0.660000,0.740506,0.322314,0.660000,0.322490
DT,0,ROS,0.690833,0.770671,0.387580,0.690833,0.388555
DT,0,RUS,0.617308,0.671186,0.227669,0.617308,0.229783
DT,0,SMOTE,0.687692,0.750000,0.372709,0.687692,0.372907
DT,0,Borderline-SMOTE,0.687372,0.739635,0.367812,0.687372,0.369134
DT,0,SVM-SMOTE,0.664872,0.728758,0.326230,0.664872,0.326618
DT,0,ADASYN,0.681987,0.744715,0.361058,0.681987,0.361301
DT,0,G-SMOTE,0.642692,0.728707,0.287969,0.642692,0.288216
DT,0,CiFRUS (train),0.681731,0.765163,0.369767,0.681731,0.370935
DT,0,CiFRUS (train/test),0.699752,0.762791,0.360251,0.676731,0.361648
DT,0,CiFRUS (balanced-train/test),0.693357,0.733441,0.326101,0.663782,0.326169
DT,1,Baseline,0.674615,0.754717,0.353033,0.674615,0.353471
DT,1,ROS,0.663205,0.744479,0.329366,0.663205,0.329649
DT,1,RUS,0.671026,0.706897,0.329058,0.671026,0.334134
DT,1,SMOTE,0.651859,0.715928,0.299684,0.651859,0.300238
DT,1,Borderline-SMOTE,0.643077,0.721154,0.286154,0.643077,0.286154
DT,1,SVM-SMOTE,0.659487,0.733974,0.318974,0.659487,0.318974
DT,1,ADASYN,0.683782,0.743044,0.363325,0.683782,0.363831
DT,1,G-SMOTE,0.675128,0.760870,0.356658,0.675128,0.357909
DT,1,CiFRUS (train),0.699103,0.760518,0.396072,0.699103,0.396191
DT,1,CiFRUS (train/test),0.722724,0.756933,0.394693,0.699295,0.395088
DT,1,CiFRUS (balanced-train/test),0.712877,0.743222,0.337704,0.668397,0.337730
DT,2,Baseline,0.652564,0.718954,0.301877,0.652564,0.302236
DT,2,ROS,0.683526,0.763693,0.372060,0.683526,0.372786
DT,2,RUS,0.641218,0.688245,0.273359,0.641218,0.276358
DT,2,SMOTE,0.658910,0.744914,0.322157,0.658910,0.322786
DT,2,Borderline-SMOTE,0.651154,0.712871,0.297502,0.651154,0.298291
DT,2,SVM-SMOTE,0.652179,0.726688,0.303814,0.652179,0.303824
DT,2,ADASYN,0.635577,0.717703,0.271886,0.635577,0.271907
DT,2,G-SMOTE,0.657885,0.731942,0.315486,0.657885,0.315489
DT,2,CiFRUS (train),0.679615,0.757098,0.362484,0.679615,0.362795
DT,2,CiFRUS (train/test),0.689952,0.743222,0.337704,0.668397,0.337730
DT,2,CiFRUS (balanced-train/test),0.694655,0.724876,0.325167,0.665064,0.325937
DT,3,Baseline,0.677308,0.752381,0.356535,0.677308,0.356644
DT,3,ROS,0.659103,0.741325,0.321087,0.659103,0.321362
DT,3,RUS,0.648910,0.687392,0.286260,0.648910,0.290876
DT,3,SMOTE,0.646474,0.721417,0.292162,0.646474,0.292184
DT,3,Borderline-SMOTE,0.653269,0.721951,0.304082,0.653269,0.304287
DT,3,SVM-SMOTE,0.611346,0.690438,0.221302,0.611346,0.221392
DT,3,ADASYN,0.649551,0.710744,0.294088,0.649551,0.294956
DT,3,G-SMOTE,0.668590,0.739550,0.336575,0.668590,0.336587
DT,3,CiFRUS (train),0.644872,0.719355,0.288707,0.644872,0.288746
DT,3,CiFRUS (train/test),0.686875,0.727564,0.302564,0.651282,0.302564
DT,3,CiFRUS (balanced-train/test),0.695817,0.721311,0.311218,0.657564,0.311720
DT,4,Baseline,0.650192,0.732171,0.302284,0.650192,0.302410
DT,4,ROS,0.681923,0.761755,0.368476,0.681923,0.369101
DT,4,RUS,0.658141,0.709244,0.308259,0.658141,0.310353
DT,4,SMOTE,0.641538,0.700000,0.277108,0.641538,0.278405
DT,4,Borderline-SMOTE,0.673462,0.727575,0.340206,0.673462,0.341547
DT,4,SVM-SMOTE,0.658269,0.724307,0.313444,0.658269,0.313758
DT,4,ADASYN,0.658077,0.728155,0.314461,0.658077,0.314555
DT,4,G-SMOTE,0.681090,0.745543,0.359918,0.681090,0.360065
DT,4,CiFRUS (train),0.663205,0.744479,0.329366,0.663205,0.329649
DT,4,CiFRUS (train/test),0.665072,0.735341,0.310541,0.654295,0.310670
DT,4,CiFRUS (balanced-train/test),0.678037,0.746130,0.313628,0.653718,0.314966
DT,5,Baseline,0.669615,0.752351,0.343547,0.669615,0.344130
DT,5,ROS,0.678397,0.747994,0.356475,0.678397,0.356478
DT,5,RUS,0.649936,0.702521,0.292265,0.649936,0.294250
DT,5,SMOTE,0.634872,0.714744,0.269744,0.634872,0.269744
DT,5,Borderline-SMOTE,0.636667,0.712903,0.272356,0.636667,0.272392
DT,5,SVM-SMOTE,0.660513,0.746875,0.325702,0.660513,0.326427
DT,5,ADASYN,0.618333,0.686469,0.232904,0.618333,0.233522
DT,5,G-SMOTE,0.659808,0.744113,0.323388,0.659808,0.323860
DT,5,CiFRUS (train),0.675705,0.750397,0.352994,0.675705,0.353069
DT,5,CiFRUS (train/test),0.717957,0.746082,0.326928,0.661410,0.327483
DT,5,CiFRUS (balanced-train/test),0.666074,0.723602,0.256397,0.625897,0.257297
DT,6,Baseline,0.631282,0.718354,0.264463,0.631282,0.264607
DT,6,ROS,0.653974,0.724919,0.306299,0.653974,0.306391
DT,6,RUS,0.665128,0.705479,0.318812,0.665128,0.322889
DT,6,SMOTE,0.624744,0.695082,0.246391,0.624744,0.246789
DT,6,Borderline-SMOTE,0.626154,0.701299,0.250509,0.626154,0.250642
DT,6,SVM-SMOTE,0.655385,0.730769,0.310769,0.655385,0.310769
DT,6,ADASYN,0.633974,0.715655,0.268431,0.633974,0.268440
DT,6,G-SMOTE,0.627179,0.715190,0.256198,0.627179,0.256338
DT,6,CiFRUS (train),0.654551,0.713101,0.303385,0.654551,0.304475
DT,6,CiFRUS (train/test),0.660401,0.707237,0.280081,0.642051,0.280669
DT,6,CiFRUS (balanced-train/test),0.682171,0.732171,0.302284,0.650192,0.302410
DT,7,Baseline,0.678397,0.747994,0.356475,0.678397,0.356478
DT,7,ROS,0.669808,0.748815,0.342381,0.669808,0.342618
DT,7,RUS,0.683333,0.717241,0.352738,0.683333,0.358180
DT,7,SMOTE,0.643269,0.717286,0.285258,0.643269,0.285318
DT,7,Borderline-SMOTE,0.697628,0.771654,0.399197,0.697628,0.399612
DT,7,SVM-SMOTE,0.661474,0.728455,0.320361,0.661474,0.320576
DT,7,ADASYN,0.700192,0.756137,0.395767,0.700192,0.396318
DT,7,G-SMOTE,0.658974,0.727273,0.315682,0.658974,0.315850
DT,7,CiFRUS (train),0.707115,0.770465,0.413859,0.707115,0.413863
DT,7,CiFRUS (train/test),0.731490,0.762360,0.387068,0.693013,0.387097
DT,7,CiFRUS (balanced-train/test),0.679447,0.714976,0.275796,0.638269,0.275817
DT,8,Baseline,0.656090,0.733652,0.313022,0.656090,0.313046
DT,8,ROS,0.685000,0.752412,0.369337,0.685000,0.369349
DT,8,RUS,0.604679,0.648180,0.200886,0.604679,0.204415
DT,8,SMOTE,0.688974,0.741722,0.371285,0.688974,0.372497
DT,8,Borderline-SMOTE,0.627949,0.699346,0.253171,0.627949,0.253472
DT,8,SVM-SMOTE,0.634551,0.703764,0.265999,0.634551,0.266370
DT,8,ADASYN,0.654359,0.717105,0.304348,0.654359,0.304987
DT,8,G-SMOTE,0.670513,0.751572,0.344738,0.670513,0.345166
DT,8,CiFRUS (train),0.661474,0.728455,0.320361,0.661474,0.320576
DT,8,CiFRUS (train/test),0.686723,0.719870,0.300635,0.651667,0.300884
DT,8,CiFRUS (balanced-train/test),0.664447,0.720517,0.293427,0.647372,0.293488
DT,9,Baseline,0.697115,0.765550,0.395295,0.697115,0.395325
DT,9,ROS,0.668397,0.743222,0.337704,0.668397,0.337730
DT,9,RUS,0.666603,0.691358,0.316990,0.666603,0.325138
DT,9,SMOTE,0.638141,0.699834,0.271172,0.638141,0.272146
DT,9,Borderline-SMOTE,0.663462,0.722772,0.321726,0.663462,0.322579
DT,9,SVM-SMOTE,0.667756,0.722130,0.328728,0.667756,0.330141
DT,9,ADASYN,0.691859,0.735245,0.373332,0.691859,0.376223
DT,9,G-SMOTE,0.694423,0.767773,0.392012,0.694423,0.392284
DT,9,CiFRUS (train),0.652692,0.733333,0.307038,0.652692,0.307132
DT,9,CiFRUS (train/test),0.694792,0.752791,0.362386,0.680705,0.362414
DT,9,CiFRUS (balanced-train/test),0.674295,0.729642,0.325032,0.663974,0.325301
ADB,0,Baseline,0.756875,0.753488,0.335163,0.664423,0.336462
ADB,0,ROS,0.767644,0.745033,0.379345,0.693077,0.380583
ADB,0,RUS,0.769215,0.743333,0.381526,0.694872,0.383311
ADB,0,SMOTE,0.770465,0.754902,0.391172,0.697692,0.391637
ADB,0,Borderline-SMOTE,0.760000,0.740864,0.372391,0.689872,0.373859
ADB,0,SVM-SMOTE,0.771490,0.761750,0.400688,0.701603,0.400851
ADB,0,ADASYN,0.778478,0.774510,0.439878,0.722308,0.440401
ADB,0,G-SMOTE,0.787035,0.788253,0.426103,0.708654,0.428095
ADB,0,CiFRUS (train),0.787660,0.792109,0.419722,0.703269,0.424412
ADB,0,CiFRUS (train/test),0.778173,0.796947,0.438745,0.713269,0.442548
ADB,0,CiFRUS (balanced-train/test),0.782179,0.762393,0.449028,0.732372,0.454491
ADB,1,Baseline,0.783670,0.790769,0.428721,0.709359,0.431301
ADB,1,ROS,0.786587,0.770227,0.420556,0.711410,0.420682
ADB,1,RUS,0.737716,0.717863,0.321881,0.664551,0.323513
ADB,1,SMOTE,0.777484,0.758958,0.398221,0.700897,0.398551
ADB,1,Borderline-SMOTE,0.769311,0.730640,0.360799,0.685256,0.363419
ADB,1,SVM-SMOTE,0.780208,0.753247,0.380855,0.691795,0.381058
ADB,1,ADASYN,0.776026,0.752864,0.387657,0.696090,0.388197
ADB,1,G-SMOTE,0.763846,0.785498,0.396868,0.691667,0.402140
ADB,1,CiFRUS (train),0.794615,0.804916,0.466036,0.727372,0.469068
ADB,1,CiFRUS (train/test),0.796170,0.790625,0.442248,0.717949,0.443232
ADB,1,CiFRUS (balanced-train/test),0.782404,0.724786,0.361823,0.687244,0.366226
ADB,2,Baseline,0.767292,0.775194,0.393702,0.693141,0.395228
ADB,2,ROS,0.761410,0.745928,0.365693,0.684487,0.365995
ADB,2,RUS,0.759022,0.736301,0.390099,0.702051,0.395088
ADB,2,SMOTE,0.754888,0.744262,0.367941,0.686282,0.368535
ADB,2,Borderline-SMOTE,0.768862,0.761438,0.407407,0.705897,0.407892
ADB,2,SVM-SMOTE,0.771058,0.758065,0.386817,0.694103,0.386868
ADB,2,ADASYN,0.775449,0.743333,0.381526,0.694872,0.383311
ADB,2,G-SMOTE,0.782083,0.788991,0.418182,0.703462,0.421567
ADB,2,CiFRUS (train),0.757228,0.771084,0.353191,0.670256,0.358422
ADB,2,CiFRUS (train/test),0.762660,0.780635,0.384697,0.685962,0.389528
ADB,2,CiFRUS (balanced-train/test),0.765897,0.753769,0.411190,0.710577,0.413616
ADB,3,Baseline,0.747404,0.755008,0.332721,0.662628,0.334568
ADB,3,ROS,0.761619,0.754045,0.379750,0.690897,0.379864
ADB,3,RUS,0.755032,0.730640,0.360799,0.685256,0.363419
ADB,3,SMOTE,0.751074,0.742765,0.344766,0.672692,0.344777
ADB,3,Borderline-SMOTE,0.756747,0.740496,0.366696,0.686474,0.367778
ADB,3,SVM-SMOTE,0.763542,0.752475,0.394398,0.700385,0.395444
ADB,3,ADASYN,0.775433,0.757724,0.393616,0.698397,0.393880
ADB,3,G-SMOTE,0.764808,0.778295,0.402065,0.697244,0.403624
ADB,3,CiFRUS (train),0.780513,0.769939,0.368753,0.679744,0.371340
ADB,3,CiFRUS (train/test),0.782276,0.775573,0.379665,0.684551,0.382956
ADB,3,CiFRUS (balanced-train/test),0.763413,0.730964,0.366455,0.688654,0.369665
ADB,4,Baseline,0.762564,0.780715,0.411504,0.702244,0.412804
ADB,4,ROS,0.758365,0.748784,0.368072,0.685192,0.368222
ADB,4,RUS,0.751122,0.724786,0.361823,0.687244,0.366226
ADB,4,SMOTE,0.777564,0.769231,0.428209,0.716603,0.428806
ADB,4,Borderline-SMOTE,0.769952,0.745033,0.379345,0.693077,0.380583
ADB,4,SVM-SMOTE,0.782612,0.760976,0.401755,0.702500,0.402025
ADB,4,ADASYN,0.759615,0.737018,0.371135,0.690064,0.373325
ADB,4,G-SMOTE,0.772660,0.774495,0.394809,0.694038,0.396056
ADB,4,CiFRUS (train),0.790673,0.796325,0.439779,0.714167,0.443097
ADB,4,CiFRUS (train/test),0.782420,0.790274,0.416028,0.701667,0.420402
ADB,4,CiFRUS (balanced-train/test),0.769824,0.742857,0.388229,0.699167,0.390866
ADB,5,Baseline,0.773910,0.784962,0.390922,0.688269,0.397023
ADB,5,ROS,0.761138,0.771160,0.393404,0.694231,0.394072
ADB,5,RUS,0.738189,0.712605,0.316256,0.662244,0.318404
ADB,5,SMOTE,0.759455,0.749596,0.366943,0.684295,0.367020
ADB,5,Borderline-SMOTE,0.768261,0.769231,0.409231,0.704615,0.409231
ADB,5,SVM-SMOTE,0.754215,0.750000,0.347107,0.672308,0.347297
ADB,5,ADASYN,0.750817,0.749601,0.354159,0.676603,0.354186
ADB,5,G-SMOTE,0.784712,0.784615,0.411919,0.701154,0.414398
ADB,5,CiFRUS (train),0.792885,0.793893,0.430305,0.709167,0.434035
ADB,5,CiFRUS (train/test),0.791170,0.790698,0.435515,0.713654,0.437204
ADB,5,CiFRUS (balanced-train/test),0.777147,0.744501,0.398331,0.705064,0.401820
ADB,6,Baseline,0.783189,0.779503,0.406789,0.699744,0.408216
ADB,6,ROS,0.785817,0.773246,0.435318,0.719808,0.435753
ADB,6,RUS,0.752420,0.725126,0.349383,0.679551,0.352088
ADB,6,SMOTE,0.770369,0.752475,0.394398,0.700385,0.395444
ADB,6,Borderline-SMOTE,0.784439,0.756219,0.408079,0.707885,0.409545
ADB,6,SVM-SMOTE,0.793678,0.783871,0.452223,0.726923,0.452283
ADB,6,ADASYN,0.778702,0.750000,0.385238,0.695385,0.386047
ADB,6,G-SMOTE,0.785865,0.779817,0.392885,0.691154,0.396066
ADB,6,CiFRUS (train),0.782885,0.777948,0.389233,0.689551,0.392169
ADB,6,CiFRUS (train/test),0.784263,0.781011,0.397657,0.693654,0.400657
ADB,6,CiFRUS (balanced-train/test),0.781683,0.739726,0.398020,0.706154,0.403110
ADB,7,Baseline,0.769343,0.776758,0.384453,0.687051,0.387566
ADB,7,ROS,0.775016,0.754045,0.379750,0.690897,0.379864
ADB,7,RUS,0.790216,0.748752,0.393041,0.700577,0.394732
ADB,7,SMOTE,0.772901,0.761750,0.400688,0.701603,0.400851
ADB,7,Borderline-SMOTE,0.788381,0.772504,0.436320,0.720705,0.436927
ADB,7,SVM-SMOTE,0.781891,0.758509,0.392534,0.697500,0.392694
ADB,7,ADASYN,0.771955,0.738211,0.344779,0.673782,0.345011
ADB,7,G-SMOTE,0.784968,0.788906,0.425049,0.707756,0.427408
ADB,7,CiFRUS (train),0.805978,0.799383,0.454927,0.722564,0.457248
ADB,7,CiFRUS (train/test),0.793365,0.797546,0.444503,0.716667,0.447621
ADB,7,CiFRUS (balanced-train/test),0.787532,0.778878,0.458996,0.733205,0.460213
ADB,8,Baseline,0.777051,0.781818,0.389507,0.688462,0.394125
ADB,8,ROS,0.756715,0.745161,0.354113,0.677692,0.354161
ADB,8,RUS,0.758638,0.723549,0.357302,0.684744,0.361433
ADB,8,SMOTE,0.772660,0.765751,0.407786,0.704808,0.407871
ADB,8,Borderline-SMOTE,0.792596,0.769231,0.428209,0.716603,0.428806
ADB,8,SVM-SMOTE,0.782436,0.756494,0.389002,0.695897,0.389209
ADB,8,ADASYN,0.784792,0.775041,0.445414,0.725705,0.446238
ADB,8,G-SMOTE,0.771779,0.781679,0.396545,0.692756,0.399982
ADB,8,CiFRUS (train),0.785737,0.792109,0.419722,0.703269,0.424412
ADB,8,CiFRUS (train/test),0.779263,0.777266,0.390356,0.690449,0.392896
ADB,8,CiFRUS (balanced-train/test),0.782612,0.753769,0.411190,0.710577,0.413616
ADB,9,Baseline,0.770497,0.787136,0.414506,0.701859,0.417633
ADB,9,ROS,0.774295,0.760976,0.401755,0.702500,0.402025
ADB,9,RUS,0.760032,0.726351,0.353938,0.682051,0.356856
ADB,9,SMOTE,0.761378,0.748366,0.374937,0.689487,0.375382
ADB,9,Borderline-SMOTE,0.766002,0.755267,0.384380,0.693397,0.384537
ADB,9,SVM-SMOTE,0.765232,0.754472,0.385476,0.694295,0.385735
ADB,9,ADASYN,0.783750,0.756579,0.401416,0.703590,0.402259
ADB,9,G-SMOTE,0.783397,0.788344,0.419253,0.704359,0.422194
ADB,9,CiFRUS (train),0.781122,0.779141,0.394003,0.692051,0.396767
ADB,9,CiFRUS (train/test),0.790016,0.792683,0.425554,0.706667,0.429496
ADB,9,CiFRUS (balanced-train/test),0.784343,0.747069,0.395168,0.702372,0.397500
RF,0,Baseline,0.842780,0.830904,0.496063,0.734231,0.515099
RF,0,ROS,0.836779,0.831361,0.509414,0.742821,0.522668
RF,0,RUS,0.826418,0.794830,0.481302,0.741731,0.481402
RF,0,SMOTE,0.830513,0.807867,0.461079,0.722885,0.466870
RF,0,Borderline-SMOTE,0.841026,0.818462,0.504332,0.746282,0.507367
RF,0,SVM-SMOTE,0.827380,0.817365,0.478911,0.730000,0.487599
RF,0,ADASYN,0.859423,0.840000,0.563140,0.775000,0.566529
RF,0,G-SMOTE,0.845505,0.839363,0.515482,0.742244,0.539050
RF,0,CiFRUS (train),0.865296,0.845152,0.532942,0.750449,0.557309
RF,0,CiFRUS (train/test),0.863878,0.850073,0.552113,0.760449,0.574075
RF,0,CiFRUS (balanced-train/test),0.850970,0.830075,0.518701,0.749808,0.526796
RF,1,Baseline,0.849231,0.837410,0.504861,0.736346,0.531223
RF,1,ROS,0.850561,0.834835,0.531042,0.755513,0.539765
RF,1,RUS,0.836130,0.796774,0.484926,0.743333,0.484991
RF,1,SMOTE,0.833966,0.809741,0.471529,0.728782,0.476186
RF,1,Borderline-SMOTE,0.850128,0.829047,0.520488,0.751603,0.527025
RF,1,SVM-SMOTE,0.848694,0.837070,0.534001,0.756218,0.544167
RF,1,ADASYN,0.841346,0.817204,0.499672,0.743782,0.502923
RF,1,G-SMOTE,0.843301,0.830189,0.490265,0.730833,0.511191
RF,1,CiFRUS (train),0.867540,0.846608,0.551603,0.762436,0.567190
RF,1,CiFRUS (train/test),0.866090,0.838235,0.524838,0.749231,0.540902
RF,1,CiFRUS (balanced-train/test),0.866154,0.842105,0.552775,0.766218,0.561402
RF,2,Baseline,0.836867,0.839363,0.515482,0.742244,0.539050
RF,2,ROS,0.831314,0.818991,0.475973,0.727308,0.487345
RF,2,RUS,0.817644,0.776316,0.449949,0.728205,0.450895
RF,2,SMOTE,0.818301,0.800613,0.452920,0.720769,0.456097
RF,2,Borderline-SMOTE,0.834752,0.809668,0.464826,0.724487,0.471002
RF,2,SVM-SMOTE,0.818470,0.798179,0.436664,0.711474,0.441543
RF,2,ADASYN,0.835040,0.815830,0.488440,0.736987,0.493264
RF,2,G-SMOTE,0.818173,0.822157,0.469997,0.721923,0.488033
RF,2,CiFRUS (train),0.840288,0.819912,0.467172,0.721218,0.483221
RF,2,CiFRUS (train/test),0.845152,0.819912,0.467172,0.721218,0.483221
RF,2,CiFRUS (balanced-train/test),0.840465,0.828102,0.508350,0.743910,0.518027
RF,3,Baseline,0.848862,0.834783,0.502862,0.736538,0.525080
RF,3,ROS,0.838029,0.816265,0.480851,0.731795,0.487972
RF,3,RUS,0.815657,0.775777,0.444430,0.724808,0.445049
RF,3,SMOTE,0.833165,0.805471,0.458344,0.722179,0.463163
RF,3,Borderline-SMOTE,0.831747,0.810398,0.477207,0.732179,0.481070
RF,3,SVM-SMOTE,0.832684,0.809091,0.465819,0.725385,0.471341
RF,3,ADASYN,0.823117,0.809160,0.472504,0.729679,0.476600
RF,3,G-SMOTE,0.835897,0.829912,0.497971,0.736026,0.514442
RF,3,CiFRUS (train),0.859696,0.848306,0.555496,0.764038,0.571837
RF,3,CiFRUS (train/test),0.858237,0.843658,0.542980,0.758333,0.558323
RF,3,CiFRUS (balanced-train/test),0.847340,0.829047,0.520488,0.751603,0.527025
RF,4,Baseline,0.840577,0.814388,0.434753,0.703526,0.457454
RF,4,ROS,0.824888,0.812408,0.452955,0.715705,0.465241
RF,4,RUS,0.816226,0.778502,0.447014,0.725513,0.447384
RF,4,SMOTE,0.830304,0.812689,0.473321,0.728590,0.479609
RF,4,Borderline-SMOTE,0.840232,0.816944,0.486540,0.735192,0.492650
RF,4,SVM-SMOTE,0.834119,0.815038,0.476108,0.729295,0.483538
RF,4,ADASYN,0.824784,0.806697,0.463073,0.724679,0.467647
RF,4,G-SMOTE,0.830048,0.821114,0.472004,0.723718,0.487616
RF,4,CiFRUS (train),0.853934,0.830409,0.497019,0.735128,0.514744
RF,4,CiFRUS (train/test),0.851338,0.826979,0.489316,0.731923,0.505500
RF,4,CiFRUS (balanced-train/test),0.848966,0.832335,0.521623,0.750513,0.531086
RF,5,Baseline,0.851707,0.836469,0.506752,0.738141,0.529921
RF,5,ROS,0.830008,0.838039,0.532252,0.754423,0.544423
RF,5,RUS,0.815545,0.772213,0.424123,0.713013,0.424211
RF,5,SMOTE,0.829159,0.813559,0.492197,0.740577,0.494928
RF,5,Borderline-SMOTE,0.831002,0.825112,0.499800,0.739808,0.509314
RF,5,SVM-SMOTE,0.839327,0.819423,0.495963,0.740192,0.501504
RF,5,ADASYN,0.826002,0.809816,0.478169,0.733077,0.481524
RF,5,G-SMOTE,0.831242,0.825581,0.477693,0.725128,0.497381
RF,5,CiFRUS (train),0.846466,0.830633,0.503709,0.739423,0.518527
RF,5,CiFRUS (train/test),0.846258,0.833579,0.512340,0.743526,0.527412
RF,5,CiFRUS (balanced-train/test),0.851090,0.831325,0.523404,0.752308,0.531155
RF,6,Baseline,0.835008,0.836469,0.506752,0.738141,0.529921
RF,6,ROS,0.838982,0.821429,0.485531,0.732308,0.496150
RF,6,RUS,0.805825,0.775777,0.444430,0.724808,0.445049
RF,6,SMOTE,0.821466,0.798179,0.436664,0.711474,0.441543
RF,6,Borderline-SMOTE,0.827668,0.815152,0.482777,0.733590,0.488500
RF,6,SVM-SMOTE,0.835601,0.816265,0.480851,0.731795,0.487972
RF,6,ADASYN,0.820817,0.809816,0.478169,0.733077,0.481524
RF,6,G-SMOTE,0.836010,0.828402,0.500807,0.738718,0.513838
RF,6,CiFRUS (train),0.833622,0.833819,0.504752,0.738333,0.524121
RF,6,CiFRUS (train/test),0.839079,0.831625,0.501828,0.737628,0.519067
RF,6,CiFRUS (balanced-train/test),0.845817,0.829851,0.512169,0.745513,0.522390
RF,7,Baseline,0.847556,0.838897,0.516406,0.743141,0.538447
RF,7,ROS,0.845104,0.824405,0.494105,0.736410,0.504912
RF,7,RUS,0.826082,0.805825,0.510329,0.756538,0.510482
RF,7,SMOTE,0.838285,0.819165,0.509883,0.749679,0.512267
RF,7,Borderline-SMOTE,0.839351,0.826220,0.518479,0.751795,0.523281
RF,7,SVM-SMOTE,0.845841,0.821918,0.505351,0.745192,0.510342
RF,7,ADASYN,0.848365,0.831050,0.530717,0.757500,0.535959
RF,7,G-SMOTE,0.849591,0.835777,0.515283,0.744231,0.532326
RF,7,CiFRUS (train),0.861795,0.840708,0.534357,0.754231,0.549457
RF,7,CiFRUS (train/test),0.864022,0.842878,0.537360,0.754936,0.554462
RF,7,CiFRUS (balanced-train/test),0.853237,0.828614,0.507429,0.743013,0.518034
RF,8,Baseline,0.856378,0.849354,0.539031,0.751859,0.569046
RF,8,ROS,0.853742,0.849478,0.567394,0.771731,0.579253
RF,8,RUS,0.820825,0.798691,0.501204,0.753526,0.501902
RF,8,SMOTE,0.846835,0.826021,0.512001,0.747500,0.518431
RF,8,Borderline-SMOTE,0.845929,0.832565,0.541716,0.764295,0.545241
RF,8,SVM-SMOTE,0.844399,0.817629,0.492198,0.738590,0.497373
RF,8,ADASYN,0.848910,0.833588,0.540024,0.762500,0.544705
RF,8,G-SMOTE,0.846611,0.827893,0.501745,0.739615,0.513733
RF,8,CiFRUS (train),0.863333,0.841010,0.540834,0.758526,0.553202
RF,8,CiFRUS (train/test),0.858678,0.838996,0.530489,0.752628,0.544878
RF,8,CiFRUS (balanced-train/test),0.851354,0.827586,0.509268,0.744808,0.518064
RF,9,Baseline,0.835938,0.827286,0.481552,0.726731,0.502106
RF,9,ROS,0.844647,0.825826,0.505462,0.743205,0.513765
RF,9,RUS,0.817861,0.773246,0.435318,0.719808,0.435753
RF,9,SMOTE,0.818181,0.795796,0.420197,0.702179,0.427100
RF,9,Borderline-SMOTE,0.828966,0.817204,0.499672,0.743782,0.502923
RF,9,SVM-SMOTE,0.846771,0.840183,0.556084,0.769808,0.561576
RF,9,ADASYN,0.823454,0.803053,0.455624,0.721474,0.459574
RF,9,G-SMOTE,0.830008,0.825633,0.498862,0.738910,0.509289
RF,9,CiFRUS (train),0.843333,0.829912,0.497971,0.736026,0.514442
RF,9,CiFRUS (train/test),0.843470,0.832353,0.507559,0.741026,0.523095
RF,9,CiFRUS (balanced-train/test),0.846450,0.825826,0.505462,0.743205,0.513765
